[
  {
    "id": 0,
    "project_name": "Aanand Avyam",
    "location": "Thaltej",
    "price_lakhs": 45,
    "type": "2BHK",
    "area_sqft": 950,
    "features": [
      "Balcony",
      "Parking",
      "Lift"
    ],
    "contact": "Not Mentioned",
    "source": "Online Website (Housing.com, magicbricks.com), Social Media Platforms ( Instagram and Facebook)"
  },
  {
    "id": 1,
    "project_name": "Anautaur Abode",
    "location": "Thaltej",
    "price_lakhs": 50,
    "type": "3BHK",
    "area_sqft": 980,
    "features": [
      "Gym",
      "Terrace",
      "Clubhouse"
    ],
    "contact": "9313804234",
    "source": "Bill Board / Hoardings, NewsPaper Advertisement, Print Media ( leaflet Insertions), Online Website (Housing.com, magicbricks.com), Social Media Platforms ( Instagram and Facebook)"
  },
  {
    "id": 2,
    "project_name": "Binori Aristella",
    "location": "Thaltej",
    "price_lakhs": 55,
    "type": "2BHK",
    "area_sqft": 1010,
    "features": [
      "Balcony",
      "Parking",
      "Lift"
    ],
    "contact": "9998083030",
    "source": "Online Website (Housing.com, magicbricks.com), Social Media Platforms ( Instagram and Facebook)"
  },
  {
    "id": 3,
    "project_name": "Dream Vianna",
    "location": "Thaltej",
    "price_lakhs": 60,
    "type": "3BHK",
    "area_sqft": 1040,
    "features": [
      "Gym",
      "Terrace",
      "Clubhouse"
    ],
    "contact": "7211100109",
    "source": "Bill Board / Hoardings, NewsPaper Advertisement, Print Media ( leaflet Insertions), Social Media Platforms ( Instagram and Facebook)"
  },
  {
    "id": 4,
    "project_name": "Oryn Armonia",
    "location": "Hebatpur",
    "price_lakhs": 65,
    "type": "2BHK",
    "area_sqft": 1070,
    "features": [
      "Balcony",
      "Parking",
      "Lift"
    ],
    "contact": "8734087159",
    "source": "Online Website (Housing.com, magicbricks.com), Social Media Platforms ( Instagram and Facebook)"
  },
  {
    "id": 5,
    "project_name": "Artefino",
    "location": "Thaltej",
    "price_lakhs": 70,
    "type": "3BHK",
    "area_sqft": 1100,
    "features": [
      "Gym",
      "Terrace",
      "Clubhouse"
    ],
    "contact": "9909038028",
    "source": "Bill Board / Hoardings, NewsPaper Advertisement, Print Media ( leaflet Insertions), Online Website (Housing.com, magicbricks.com), Social Media Platforms ( Instagram and Facebook), Brand Ambassadors / Influencer"
  },
  {
    "id": 6,
    "project_name": "Z luxuria",
    "location": "Zydus Hospital",
    "price_lakhs": 75,
    "type": "2BHK",
    "area_sqft": 1130,
    "features": [
      "Balcony",
      "Parking",
      "Lift"
    ],
    "contact": "7573030027",
    "source": "Online Website (Housing.com, magicbricks.com), Social Media Platforms ( Instagram and Facebook)"
  },
  {
    "id": 7,
    "project_name": "Sky 100",
    "location": "Thaltej",
    "price_lakhs": 80,
    "type": "3BHK",
    "area_sqft": 1160,
    "features": [
      "Gym",
      "Terrace",
      "Clubhouse"
    ],
    "contact": "999818222",
    "source": "Bill Board / Hoardings, Online Website (Housing.com, magicbricks.com), Social Media Platforms ( Instagram and Facebook), Exhibitions"
  },
  {
    "id": 8,
    "project_name": "Anushthan Mansion",
    "location": "Thaltej",
    "price_lakhs": 85,
    "type": "2BHK",
    "area_sqft": 1190,
    "features": [
      "Balcony",
      "Parking",
      "Lift"
    ],
    "contact": "Not Mentioned",
    "source": "Online Website (Housing.com, magicbricks.com), Social Media Platforms ( Instagram and Facebook), Brand Ambassadors / Influencer, Whatsapp"
  },
  {
    "id": 9,
    "project_name": "Shri Vishnudhara Essence",
    "location": "Thaltej",
    "price_lakhs": 90,
    "type": "3BHK",
    "area_sqft": 1220,
    "features": [
      "Gym",
      "Terrace",
      "Clubhouse"
    ],
    "contact": "6352528847",
    "source": "NewsPaper Advertisement, Online Website (Housing.com, magicbricks.com), Social Media Platforms ( Instagram and Facebook)"
  },
  {
    "id": 10,
    "project_name": "Candeur Vivante",
    "location": "Vaisnodevi",
    "price_lakhs": 95,
    "type": "2BHK",
    "area_sqft": 1250,
    "features": [
      "Balcony",
      "Parking",
      "Lift"
    ],
    "contact": "8200838538",
    "source": "NewsPaper Advertisement, Social Media Platforms ( Instagram and Facebook)"
  },
  {
    "id": 11,
    "project_name": "Bhagvati Developers",
    "location": "Vaishnodevi",
    "price_lakhs": 100,
    "type": "3BHK",
    "area_sqft": 1280,
    "features": [
      "Gym",
      "Terrace",
      "Clubhouse"
    ],
    "contact": "9925441500",
    "source": "Bill Board / Hoardings"
  },
  {
    "id": 12,
    "project_name": "Royal Crown",
    "location": "Vaishno Devi",
    "price_lakhs": 105,
    "type": "2BHK",
    "area_sqft": 1310,
    "features": [
      "Balcony",
      "Parking",
      "Lift"
    ],
    "contact": "9925222860",
    "source": "Bill Board / Hoardings, Online Website (Housing.com, magicbricks.com), Social Media Platforms ( Instagram and Facebook), Radio"
  },
  {
    "id": 13,
    "project_name": "Vedant zade ",
    "location": "Zundal ",
    "price_lakhs": 110,
    "type": "3BHK",
    "area_sqft": 1340,
    "features": [
      "Gym",
      "Terrace",
      "Clubhouse"
    ],
    "contact": "9879872006",
    "source": "Bill Board / Hoardings, Online Website (Housing.com, magicbricks.com), Social Media Platforms ( Instagram and Facebook), Brand Ambassadors / Influencer"
  },
  {
    "id": 14,
    "project_name": "The Taurus",
    "location": "Vaishnodevi",
    "price_lakhs": 115,
    "type": "2BHK",
    "area_sqft": 1370,
    "features": [
      "Balcony",
      "Parking",
      "Lift"
    ],
    "contact": "9088890444",
    "source": "NewsPaper Advertisement, Online Website (Housing.com, magicbricks.com), Social Media Platforms ( Instagram and Facebook), Exhibitions"
  },
  {
    "id": 15,
    "project_name": "Surya Nivaas",
    "location": "Naranpura",
    "price_lakhs": 120,
    "type": "3BHK",
    "area_sqft": 1400,
    "features": [
      "Gym",
      "Terrace",
      "Clubhouse"
    ],
    "contact": "9998525292",
    "source": "Bill Board / Hoardings, Online Website (Housing.com, magicbricks.com), Social Media Platforms ( Instagram and Facebook)"
  },
  {
    "id": 16,
    "project_name": "Sarang Shy",
    "location": "Vaishnodevi",
    "price_lakhs": 125,
    "type": "2BHK",
    "area_sqft": 1430,
    "features": [
      "Balcony",
      "Parking",
      "Lift"
    ],
    "contact": "9909909316",
    "source": "Bill Board / Hoardings, Online Website (Housing.com, magicbricks.com), Social Media Platforms ( Instagram and Facebook)"
  },
  {
    "id": 17,
    "project_name": "Westurn Luxuria",
    "location": "Vaishnodevi",
    "price_lakhs": 130,
    "type": "3BHK",
    "area_sqft": 1460,
    "features": [
      "Gym",
      "Terrace",
      "Clubhouse"
    ],
    "contact": "9909980818",
    "source": "Not Given"
  },
  {
    "id": 18,
    "project_name": "Kamalam Serenity",
    "location": "Vaishnodevi",
    "price_lakhs": 135,
    "type": "2BHK",
    "area_sqft": 1490,
    "features": [
      "Balcony",
      "Parking",
      "Lift"
    ],
    "contact": "8347205681",
    "source": "Print Media ( leaflet Insertions)"
  },
  {
    "id": 19,
    "project_name": "The Empiirean by Pravish & Aadhya",
    "location": "Vaishnodevi",
    "price_lakhs": 140,
    "type": "3BHK",
    "area_sqft": 1520,
    "features": [
      "Gym",
      "Terrace",
      "Clubhouse"
    ],
    "contact": "8511913398",
    "source": "Bill Board / Hoardings, NewsPaper Advertisement, Print Media ( leaflet Insertions), Online Website (Housing.com, magicbricks.com), Social Media Platforms ( Instagram and Facebook), Brand Ambassadors / Influencer, Radio, Exhibitions"
  }
]